{
  "project_info": {
    "project_number": "401445034239",
    "project_id": "assessment-06",
    "storage_bucket": "assessment-06.appspot.com"
  },
  "client": [
    {
      "client_info": {
        "mobilesdk_app_id": "1:401445034239:android:261d6c7da4a1d0dbc754ca",
        "android_client_info": {
          "package_name": "edu.uncc.assessment06"
        }
      },
      "oauth_client": [
        {
          "client_id": "401445034239-vggpvi6htj73onb3erbvc29bg0gv8t9f.apps.googleusercontent.com",
          "client_type": 3
        }
      ],
      "api_key": [
        {
          "current_key": "AIzaSyBTYhhJnwQGBVAsG-Q6WfSIVe9FB846828"
        }
      ],
      "services": {
        "appinvite_service": {
          "other_platform_oauth_client": [
            {
              "client_id": "401445034239-vggpvi6htj73onb3erbvc29bg0gv8t9f.apps.googleusercontent.com",
              "client_type": 3
            }
          ]
        }
      }
    }
  ],
  "configuration_version": "1"
}